{
  "boundary": [
    [
      845.129638671875,
      411.0176086425781
    ],
    [
      1083.000244140625,
      411.0176086425781
    ],
    [
      1100.21875,
      461.51904296875
    ],
    [
      829.0491943359375,
      461.51904296875
    ]
  ],
  "camera_id": "2",
  "graphic2_click_ref_relative": [
    241.2542724609375,
    -90.92578125
  ],
  "graphic2_pitch_deg": 5.400000095367432,
  "graphic2_placed": true,
  "graphic2_roll_deg": 0.0,
  "graphic2_scale": 1.0,
  "graphic2_yaw_deg": 0.0,
  "graphic_path": "data/overlay.jpg",
  "graphic_pitch_deg": 0.0,
  "graphic_roll_deg": 0.0,
  "graphic_scale": 1.0,
  "graphic_yaw_deg": 0.0,
  "session_id": "20260602_074101_476",
  "timestamp": "20260602_074821_494"
}
