{
  "boundary": [
    [
      886.7783813476563,
      471.38433837890625
    ],
    [
      1101.692626953125,
      629.2545166015625
    ],
    [
      1012.890625,
      750.1437377929688
    ],
    [
      797.9763793945313,
      592.2736206054688
    ]
  ],
  "camera_id": "",
  "graphic2_click_ref_relative": [
    -949.83447265625,
    -610.7640991210938
  ],
  "graphic2_pitch_deg": 0.0,
  "graphic2_placed": false,
  "graphic2_roll_deg": 0.0,
  "graphic2_scale": 1.0,
  "graphic2_yaw_deg": 0.0,
  "graphic_path": "data/overlay.jpg",
  "graphic_pitch_deg": 0.0,
  "graphic_roll_deg": 0.0,
  "graphic_scale": 1.0,
  "graphic_yaw_deg": 0.0,
  "session_id": "20260609_134343_170",
  "timestamp": "20260609_134415_316"
}
