{
  "boundary": [
    [
      816.5011596679688,
      535.7640380859375
    ],
    [
      1083.1678466796875,
      535.7640380859375
    ],
    [
      1083.1678466796875,
      685.7640380859375
    ],
    [
      816.5011596679688,
      685.7640380859375
    ]
  ],
  "camera_id": "",
  "graphic2_click_ref_relative": [
    -949.8345336914063,
    -610.7640380859375
  ],
  "graphic2_pitch_deg": 0.0,
  "graphic2_placed": false,
  "graphic2_roll_deg": 0.0,
  "graphic2_scale": 1.0,
  "graphic2_yaw_deg": 0.0,
  "graphic_path": "data/overlay.jpg",
  "graphic_pitch_deg": 0.0,
  "graphic_roll_deg": 0.0,
  "graphic_scale": 1.0,
  "graphic_yaw_deg": 0.0,
  "session_id": "20260609_120215_077",
  "timestamp": "20260609_120215_626"
}
