{
  "boundary": [
    [
      385.7845458984375,
      581.6578979492188
    ],
    [
      1396.889892578125,
      581.6578979492188
    ],
    [
      1867.8519287109375,
      1111.0316162109375
    ],
    [
      -233.212890625,
      1111.0316162109375
    ]
  ],
  "camera_id": "",
  "graphic2_click_ref_relative": [
    -854.328369140625,
    -846.3447265625
  ],
  "graphic2_pitch_deg": 0.0,
  "graphic2_placed": false,
  "graphic2_roll_deg": 0.0,
  "graphic2_scale": 1.0,
  "graphic2_yaw_deg": 0.0,
  "graphic_path": "data/overlay.jpg",
  "graphic_pitch_deg": 0.0,
  "graphic_roll_deg": 0.0,
  "graphic_scale": 3.4700000286102295,
  "graphic_yaw_deg": 0.0,
  "session_id": "20260610_152738_320",
  "timestamp": "20260610_152908_758"
}
