{
  "boundary": [
    [
      811.729736328125,
      573.032958984375
    ],
    [
      1089.5087890625,
      573.032958984375
    ],
    [
      1111.1893310546875,
      648.4947509765625
    ],
    [
      786.908447265625,
      648.4947509765625
    ]
  ],
  "camera_id": "1",
  "graphic2_click_ref_relative": [
    26.7391357421875,
    -101.75808715820313
  ],
  "graphic2_pitch_deg": 5.400000095367432,
  "graphic2_placed": true,
  "graphic2_roll_deg": 0.0,
  "graphic2_scale": 1.0,
  "graphic2_yaw_deg": 0.0,
  "graphic_path": "data/overlay.jpg",
  "graphic_pitch_deg": 0.0,
  "graphic_roll_deg": 0.0,
  "graphic_scale": 1.0,
  "graphic_yaw_deg": 0.0,
  "session_id": "20260602_074101_476",
  "timestamp": "20260602_074616_703"
}
